{"aliases":["c","cc","h","c++","h++","hpp","hh","hxx","cxx"],"keywords":{"keyword":"int float while private char catch import module export virtual operator sizeof dynamic_cast|10 typedef const_cast|10 const for static_cast|10 union namespace unsigned long volatile static protected bool template mutable if public friend do goto auto void enum else break extern using asm case typeid short reinterpret_cast|10 default double register explicit signed typename try this switch continue inline delete alignof constexpr decltype noexcept static_assert thread_local restrict _Bool complex _Complex _Imaginary atomic_bool atomic_char atomic_schar atomic_uchar atomic_short atomic_ushort atomic_int atomic_uint atomic_long atomic_ulong atomic_llong atomic_ullong new throw return and or not","built_in":"std string cin cout cerr clog stdin stdout stderr stringstream istringstream ostringstream auto_ptr deque list queue stack vector map set bitset multiset multimap unordered_set unordered_map unordered_multiset unordered_multimap array shared_ptr abort abs acos asin atan2 atan calloc ceil cosh cos exit exp fabs floor fmod fprintf fputs free frexp fscanf isalnum isalpha iscntrl isdigit isgraph islower isprint ispunct isspace isupper isxdigit tolower toupper labs ldexp log10 log malloc realloc memchr memcmp memcpy memset modf pow printf putchar puts scanf sinh sin snprintf sprintf sqrt sscanf strcat strchr strcmp strcpy strcspn strlen strncat strncmp strncpy strpbrk strrchr strspn strstr tanh tan vfprintf vprintf vsprintf endl initializer_list unique_ptr","literal":"true false nullptr NULL"},"illegal":"</","contains":[{"className":"keyword","begin":"\\b[a-z\\d_]*_t\\b"},{"className":"comment","begin":"//","end":"$","contains":[{"begin":"\\b(a|an|the|are|I'm|isn't|don't|doesn't|won't|but|just|should|pretty|simply|enough|gonna|going|wtf|so|such|will|you|your|they|like|more)\\b"},{"className":"doctag","begin":"(?:TODO|FIXME|NOTE|BUG|XXX):","relevance":0}]},{"className":"comment","begin":"/\\*","end":"\\*/","contains":[{"$ref":"#contains.1.contains.0"},{"className":"doctag","begin":"(?:TODO|FIXME|NOTE|BUG|XXX):","relevance":0}]},{"className":"number","variants":[{"begin":"\\b(0b[01']+)"},{"begin":"(-?)\\b([\\d']+(\\.[\\d']*)?|\\.[\\d']+)(u|U|l|L|ul|UL|f|F|b|B)"},{"begin":"(-?)(\\b0[xX][a-fA-F0-9']+|(\\b[\\d']+(\\.[\\d']*)?|\\.[\\d']+)([eE][-+]?[\\d']+)?)"}],"relevance":0},{"className":"string","variants":[{"begin":"(u8?|U|L)?\"","end":"\"","illegal":"\\n","contains":[{"begin":"\\\\[\\s\\S]","relevance":0}]},{"begin":"(?:u8?|U|L)?R\"([^()\\\\ ]{0,16})\\((?:.|\\n)*?\\)\\1\""},{"begin":"'\\\\?.","end":"'","illegal":"."}]},{"className":"meta","begin":"#\\s*[a-z]+\\b","end":"$","keywords":{"meta-keyword":"if else elif endif define undef warning error line pragma ifdef ifndef include"},"contains":[{"begin":"\\\\\\n","relevance":0},{"className":"meta-string","variants":{"$ref":"#contains.4.variants"}},{"className":"meta-string","begin":"<[^\\n>]*>","end":"$","illegal":"\\n"},{"$ref":"#contains.1"},{"$ref":"#contains.2"}]},{"begin":"\\b(deque|list|queue|stack|vector|map|set|bitset|multiset|multimap|unordered_map|unordered_set|unordered_multiset|unordered_multimap|array)\\s*<","end":">","keywords":{"$ref":"#keywords"},"contains":["self",{"$ref":"#contains.0"}]},{"begin":"[a-zA-Z]\\w*::","keywords":{"$ref":"#keywords"}},{"variants":[{"begin":"=","end":";"},{"begin":"\\(","end":"\\)"},{"beginKeywords":"new throw return else","end":";"}],"keywords":{"$ref":"#keywords"},"contains":[{"$ref":"#contains.0"},{"$ref":"#contains.1"},{"$ref":"#contains.2"},{"$ref":"#contains.3"},{"$ref":"#contains.4"},{"begin":"\\(","end":"\\)","keywords":{"$ref":"#keywords"},"contains":[{"$ref":"#contains.0"},{"$ref":"#contains.1"},{"$ref":"#contains.2"},{"$ref":"#contains.3"},{"$ref":"#contains.4"},"self"],"relevance":0}],"relevance":0},{"className":"function","begin":"([a-zA-Z]\\w*[\\*&\\s]+)+[a-zA-Z]\\w*\\s*\\(","returnBegin":true,"end":"[{;=]","excludeEnd":true,"keywords":{"$ref":"#keywords"},"illegal":"[^\\w\\s\\*&]","contains":[{"begin":"[a-zA-Z]\\w*\\s*\\(","returnBegin":true,"contains":[{"className":"title","begin":"[a-zA-Z]\\w*","relevance":0}],"relevance":0},{"className":"params","begin":"\\(","end":"\\)","keywords":{"$ref":"#keywords"},"relevance":0,"contains":[{"$ref":"#contains.1"},{"$ref":"#contains.2"},{"$ref":"#contains.4"},{"$ref":"#contains.3"},{"$ref":"#contains.0"},{"begin":"\\(","end":"\\)","keywords":{"$ref":"#keywords"},"relevance":0,"contains":["self",{"$ref":"#contains.1"},{"$ref":"#contains.2"},{"$ref":"#contains.4"},{"$ref":"#contains.3"},{"$ref":"#contains.0"}]}]},{"$ref":"#contains.1"},{"$ref":"#contains.2"},{"$ref":"#contains.5"}]},{"className":"class","beginKeywords":"class struct","end":"[{;:]","contains":[{"begin":"<","end":">","contains":["self"]},{"$ref":"#contains.9.contains.0.contains.0"}]}],"exports":{"preprocessor":{"$ref":"#contains.5"},"strings":{"$ref":"#contains.4"},"keywords":{"$ref":"#keywords"}}}
